{"cameraMode":{"drawMode":0,"name":"Shaded","section":"Shading Mode"},"sceneLighting":true,"audioPlay":false,"sceneViewState":{"m_AlwaysRefresh":false,"showFog":true,"showSkybox":true,"showFlares":true,"showImageEffects":true,"showParticleSystems":true,"showVisualEffectGraphs":true,"m_FxEnabled":true},"in2DMode":false,"pivot":{"x":503.8450927734375,"y":477.3340148925781,"z":-0.92449951171875},"rotation":{"x":-0.005693216808140278,"y":-0.004474830348044634,"z":-0.00015784302377142012,"w":1.0002299547195435},"size":481.93212890625,"orthographic":false}